PRAGMA foreign_keys=OFF;
BEGIN TRANSACTION;
CREATE TABLE issues (
    id TEXT PRIMARY KEY,
    type TEXT NOT NULL,
    title TEXT NOT NULL,
    description TEXT,
    status TEXT NOT NULL DEFAULT 'todo',
    assignee TEXT,
    created_at TEXT NOT NULL,
    updated_at TEXT NOT NULL
);
INSERT INTO issues VALUES('bench-d5f7','feature','Issue 1: feature for beta',NULL,'in_progress','bob','2026-01-16T15:30:11.572488+00:00','2026-01-16T15:30:13.767351+00:00');
INSERT INTO issues VALUES('bench-66ed','feature','Issue 2: feature for gamma',NULL,'in_progress','carol','2026-01-16T15:30:11.596889+00:00','2026-01-16T15:30:13.773960+00:00');
INSERT INTO issues VALUES('bench-0deb','feature','Issue 3: feature for alpha',NULL,'in_progress','david','2026-01-16T15:30:11.617671+00:00','2026-01-16T15:30:13.780640+00:00');
INSERT INTO issues VALUES('bench-56df','bug','Issue 4: bug for beta',NULL,'in_progress','eve','2026-01-16T15:30:11.640465+00:00','2026-01-16T15:30:13.787035+00:00');
INSERT INTO issues VALUES('bench-4fd0','bug','Issue 5: bug for gamma',NULL,'in_progress',NULL,'2026-01-16T15:30:11.659020+00:00','2026-01-16T15:30:13.793670+00:00');
INSERT INTO issues VALUES('bench-d6e3','bug','Issue 6: bug for alpha',NULL,'in_progress','bob','2026-01-16T15:30:11.680740+00:00','2026-01-16T15:30:13.800115+00:00');
INSERT INTO issues VALUES('bench-b6de','bug','Issue 7: bug for beta',NULL,'in_progress','carol','2026-01-16T15:30:11.701681+00:00','2026-01-16T15:30:13.805991+00:00');
INSERT INTO issues VALUES('bench-1a5c','task','Issue 8: task for gamma',NULL,'in_progress','david','2026-01-16T15:30:11.723039+00:00','2026-01-16T15:30:13.813020+00:00');
INSERT INTO issues VALUES('bench-ae13','task','Issue 9: task for alpha',NULL,'in_progress','eve','2026-01-16T15:30:11.745893+00:00','2026-01-16T15:30:13.819561+00:00');
INSERT INTO issues VALUES('bench-41e2','task','Issue 10: task for beta',NULL,'in_progress',NULL,'2026-01-16T15:30:11.765500+00:00','2026-01-16T15:30:13.826313+00:00');
INSERT INTO issues VALUES('bench-b206','task','Issue 11: task for gamma',NULL,'in_progress','bob','2026-01-16T15:30:11.787597+00:00','2026-01-16T15:30:13.832736+00:00');
INSERT INTO issues VALUES('bench-8bfa','task','Issue 12: task for alpha',NULL,'in_progress','carol','2026-01-16T15:30:11.808888+00:00','2026-01-16T15:30:13.839034+00:00');
INSERT INTO issues VALUES('bench-aae6','task','Issue 13: task for beta',NULL,'in_progress','david','2026-01-16T15:30:11.829674+00:00','2026-01-16T15:30:13.845312+00:00');
INSERT INTO issues VALUES('bench-6c9f','task','Issue 14: task for gamma',NULL,'in_progress','eve','2026-01-16T15:30:11.851378+00:00','2026-01-16T15:30:13.851954+00:00');
INSERT INTO issues VALUES('bench-e03c','task','Issue 15: task for alpha',NULL,'in_progress',NULL,'2026-01-16T15:30:11.869895+00:00','2026-01-16T15:30:13.858234+00:00');
INSERT INTO issues VALUES('bench-02cc','task','Issue 16: task for beta',NULL,'in_progress','bob','2026-01-16T15:30:11.892980+00:00','2026-01-16T15:30:13.865046+00:00');
INSERT INTO issues VALUES('bench-4fa9','task','Issue 17: task for gamma',NULL,'in_progress','carol','2026-01-16T15:30:11.918758+00:00','2026-01-16T15:30:13.871792+00:00');
INSERT INTO issues VALUES('bench-4b48','task','Issue 18: task for alpha',NULL,'in_progress','david','2026-01-16T15:30:11.940854+00:00','2026-01-16T15:30:13.878106+00:00');
INSERT INTO issues VALUES('bench-ae78','task','Issue 19: task for beta',NULL,'in_progress','eve','2026-01-16T15:30:11.963491+00:00','2026-01-16T15:30:13.884213+00:00');
INSERT INTO issues VALUES('bench-1fe7','feature','Issue 21: feature for alpha',NULL,'in_progress','bob','2026-01-16T15:30:12.005572+00:00','2026-01-16T15:30:13.890852+00:00');
INSERT INTO issues VALUES('bench-a327','feature','Issue 22: feature for beta',NULL,'in_progress','carol','2026-01-16T15:30:12.027526+00:00','2026-01-16T15:30:13.897817+00:00');
INSERT INTO issues VALUES('bench-9bfd','feature','Issue 23: feature for gamma',NULL,'in_progress','david','2026-01-16T15:30:12.050550+00:00','2026-01-16T15:30:13.904223+00:00');
INSERT INTO issues VALUES('bench-1d24','bug','Issue 24: bug for alpha',NULL,'in_progress','eve','2026-01-16T15:30:12.073667+00:00','2026-01-16T15:30:13.910839+00:00');
INSERT INTO issues VALUES('bench-8d22','bug','Issue 25: bug for beta',NULL,'in_progress',NULL,'2026-01-16T15:30:12.092469+00:00','2026-01-16T15:30:13.917857+00:00');
INSERT INTO issues VALUES('bench-50cc','bug','Issue 26: bug for gamma',NULL,'in_progress','bob','2026-01-16T15:30:12.114401+00:00','2026-01-16T15:30:13.924463+00:00');
INSERT INTO issues VALUES('bench-8b4d','bug','Issue 27: bug for alpha',NULL,'in_progress','carol','2026-01-16T15:30:12.135962+00:00','2026-01-16T15:30:13.931015+00:00');
INSERT INTO issues VALUES('bench-4276','task','Issue 28: task for beta',NULL,'in_progress','david','2026-01-16T15:30:12.158282+00:00','2026-01-16T15:30:13.937186+00:00');
INSERT INTO issues VALUES('bench-a87c','task','Issue 29: task for gamma',NULL,'in_progress','eve','2026-01-16T15:30:12.180099+00:00','2026-01-16T15:30:13.943627+00:00');
INSERT INTO issues VALUES('bench-a22f','task','Issue 30: task for alpha',NULL,'done',NULL,'2026-01-16T15:30:12.198637+00:00','2026-01-16T15:30:13.957509+00:00');
INSERT INTO issues VALUES('bench-dc53','task','Issue 31: task for beta',NULL,'done','bob','2026-01-16T15:30:12.220219+00:00','2026-01-16T15:30:13.971366+00:00');
INSERT INTO issues VALUES('bench-27d3','task','Issue 32: task for gamma',NULL,'done','carol','2026-01-16T15:30:12.241102+00:00','2026-01-16T15:30:13.985395+00:00');
INSERT INTO issues VALUES('bench-3666','task','Issue 33: task for alpha',NULL,'done','david','2026-01-16T15:30:12.263607+00:00','2026-01-16T15:30:13.999156+00:00');
INSERT INTO issues VALUES('bench-bc63','task','Issue 34: task for beta',NULL,'done','eve','2026-01-16T15:30:12.285739+00:00','2026-01-16T15:30:14.012927+00:00');
INSERT INTO issues VALUES('bench-7915','task','Issue 35: task for gamma',NULL,'done',NULL,'2026-01-16T15:30:12.304878+00:00','2026-01-16T15:30:14.026260+00:00');
INSERT INTO issues VALUES('bench-f1ff','task','Issue 36: task for alpha',NULL,'done','bob','2026-01-16T15:30:12.327041+00:00','2026-01-16T15:30:14.040744+00:00');
INSERT INTO issues VALUES('bench-0333','task','Issue 37: task for beta',NULL,'done','carol','2026-01-16T15:30:12.349066+00:00','2026-01-16T15:30:14.053752+00:00');
INSERT INTO issues VALUES('bench-a204','task','Issue 38: task for gamma',NULL,'done','david','2026-01-16T15:30:12.372197+00:00','2026-01-16T15:30:14.066067+00:00');
INSERT INTO issues VALUES('bench-76e4','task','Issue 39: task for alpha',NULL,'done','eve','2026-01-16T15:30:12.393798+00:00','2026-01-16T15:30:14.078869+00:00');
INSERT INTO issues VALUES('bench-6326','feature','Issue 41: feature for gamma',NULL,'done','bob','2026-01-16T15:30:12.435950+00:00','2026-01-16T15:30:14.091378+00:00');
INSERT INTO issues VALUES('bench-8302','feature','Issue 42: feature for alpha',NULL,'done','carol','2026-01-16T15:30:12.459671+00:00','2026-01-16T15:30:14.103658+00:00');
INSERT INTO issues VALUES('bench-8f17','feature','Issue 43: feature for beta',NULL,'done','david','2026-01-16T15:30:12.484230+00:00','2026-01-16T15:30:14.115604+00:00');
INSERT INTO issues VALUES('bench-dcc8','bug','Issue 44: bug for gamma',NULL,'done','eve','2026-01-16T15:30:12.509419+00:00','2026-01-16T15:30:14.127704+00:00');
INSERT INTO issues VALUES('bench-9798','bug','Issue 45: bug for alpha',NULL,'done',NULL,'2026-01-16T15:30:12.529035+00:00','2026-01-16T15:30:14.140048+00:00');
INSERT INTO issues VALUES('bench-d9bb','bug','Issue 46: bug for beta',NULL,'done','bob','2026-01-16T15:30:12.551543+00:00','2026-01-16T15:30:14.151545+00:00');
INSERT INTO issues VALUES('bench-19df','bug','Issue 47: bug for gamma',NULL,'done','carol','2026-01-16T15:30:12.573648+00:00','2026-01-16T15:30:14.163842+00:00');
INSERT INTO issues VALUES('bench-bf54','task','Issue 48: task for alpha',NULL,'done','david','2026-01-16T15:30:12.595934+00:00','2026-01-16T15:30:14.176040+00:00');
INSERT INTO issues VALUES('bench-0ef8','task','Issue 49: task for beta',NULL,'done','eve','2026-01-16T15:30:12.618463+00:00','2026-01-16T15:30:14.188242+00:00');
INSERT INTO issues VALUES('bench-5d8c','task','Issue 50: task for gamma',NULL,'done',NULL,'2026-01-16T15:30:12.637292+00:00','2026-01-16T15:30:14.201382+00:00');
INSERT INTO issues VALUES('bench-3d16','task','Issue 51: task for alpha',NULL,'done','bob','2026-01-16T15:30:12.660062+00:00','2026-01-16T15:30:14.216158+00:00');
INSERT INTO issues VALUES('bench-7653','task','Issue 52: task for beta',NULL,'done','carol','2026-01-16T15:30:12.684241+00:00','2026-01-16T15:30:14.229421+00:00');
INSERT INTO issues VALUES('bench-45c9','task','Issue 53: task for gamma',NULL,'done','david','2026-01-16T15:30:12.710798+00:00','2026-01-16T15:30:14.241874+00:00');
INSERT INTO issues VALUES('bench-eb24','task','Issue 54: task for alpha',NULL,'done','eve','2026-01-16T15:30:12.739232+00:00','2026-01-16T15:30:14.254697+00:00');
INSERT INTO issues VALUES('bench-e0c6','task','Issue 55: task for beta',NULL,'done',NULL,'2026-01-16T15:30:12.760470+00:00','2026-01-16T15:30:14.267203+00:00');
INSERT INTO issues VALUES('bench-ae91','task','Issue 56: task for gamma',NULL,'done','bob','2026-01-16T15:30:12.783234+00:00','2026-01-16T15:30:14.281356+00:00');
INSERT INTO issues VALUES('bench-0b32','task','Issue 57: task for alpha',NULL,'done','carol','2026-01-16T15:30:12.805594+00:00','2026-01-16T15:30:14.294695+00:00');
INSERT INTO issues VALUES('bench-993c','task','Issue 58: task for beta',NULL,'done','david','2026-01-16T15:30:12.827653+00:00','2026-01-16T15:30:14.306449+00:00');
INSERT INTO issues VALUES('bench-e7a4','task','Issue 59: task for gamma',NULL,'todo','eve','2026-01-16T15:30:12.850219+00:00','2026-01-16T15:30:12.850219+00:00');
INSERT INTO issues VALUES('bench-6426','feature','Issue 61: feature for beta',NULL,'todo','bob','2026-01-16T15:30:12.891657+00:00','2026-01-16T15:30:12.891657+00:00');
INSERT INTO issues VALUES('bench-56c7','feature','Issue 62: feature for gamma',NULL,'todo','carol','2026-01-16T15:30:12.914177+00:00','2026-01-16T15:30:12.914177+00:00');
INSERT INTO issues VALUES('bench-2784','feature','Issue 63: feature for alpha',NULL,'todo','david','2026-01-16T15:30:12.937046+00:00','2026-01-16T15:30:12.937046+00:00');
INSERT INTO issues VALUES('bench-ee35','bug','Issue 64: bug for beta',NULL,'todo','eve','2026-01-16T15:30:12.959491+00:00','2026-01-16T15:30:12.959491+00:00');
INSERT INTO issues VALUES('bench-5981','bug','Issue 65: bug for gamma',NULL,'todo',NULL,'2026-01-16T15:30:12.979700+00:00','2026-01-16T15:30:12.979700+00:00');
INSERT INTO issues VALUES('bench-7892','bug','Issue 66: bug for alpha',NULL,'todo','bob','2026-01-16T15:30:13.002843+00:00','2026-01-16T15:30:13.002843+00:00');
INSERT INTO issues VALUES('bench-2c10','bug','Issue 67: bug for beta',NULL,'todo','carol','2026-01-16T15:30:13.024833+00:00','2026-01-16T15:30:13.024833+00:00');
INSERT INTO issues VALUES('bench-88a3','task','Issue 68: task for gamma',NULL,'todo','david','2026-01-16T15:30:13.048258+00:00','2026-01-16T15:30:13.048258+00:00');
INSERT INTO issues VALUES('bench-d9fa','task','Issue 69: task for alpha',NULL,'todo','eve','2026-01-16T15:30:13.071051+00:00','2026-01-16T15:30:13.071051+00:00');
INSERT INTO issues VALUES('bench-47d3','task','Issue 70: task for beta',NULL,'todo',NULL,'2026-01-16T15:30:13.090423+00:00','2026-01-16T15:30:13.090423+00:00');
INSERT INTO issues VALUES('bench-33a4','task','Issue 71: task for gamma',NULL,'todo','bob','2026-01-16T15:30:13.112630+00:00','2026-01-16T15:30:13.112630+00:00');
INSERT INTO issues VALUES('bench-de56','task','Issue 72: task for alpha',NULL,'todo','carol','2026-01-16T15:30:13.134188+00:00','2026-01-16T15:30:13.134188+00:00');
INSERT INTO issues VALUES('bench-ab2a','task','Issue 73: task for beta',NULL,'todo','david','2026-01-16T15:30:13.156210+00:00','2026-01-16T15:30:13.156210+00:00');
INSERT INTO issues VALUES('bench-fc3d','task','Issue 74: task for gamma',NULL,'todo','eve','2026-01-16T15:30:13.178603+00:00','2026-01-16T15:30:13.178603+00:00');
INSERT INTO issues VALUES('bench-b69a','task','Issue 75: task for alpha',NULL,'todo',NULL,'2026-01-16T15:30:13.199004+00:00','2026-01-16T15:30:13.199004+00:00');
INSERT INTO issues VALUES('bench-6e2e','task','Issue 76: task for beta',NULL,'todo','bob','2026-01-16T15:30:13.223114+00:00','2026-01-16T15:30:13.223114+00:00');
INSERT INTO issues VALUES('bench-7947','task','Issue 77: task for gamma',NULL,'todo','carol','2026-01-16T15:30:13.249109+00:00','2026-01-16T15:30:13.249109+00:00');
INSERT INTO issues VALUES('bench-9fb0','task','Issue 78: task for alpha',NULL,'todo','david','2026-01-16T15:30:13.274817+00:00','2026-01-16T15:30:13.274817+00:00');
INSERT INTO issues VALUES('bench-e2e2','task','Issue 79: task for beta',NULL,'todo','eve','2026-01-16T15:30:13.299045+00:00','2026-01-16T15:30:13.299045+00:00');
INSERT INTO issues VALUES('bench-4f8e','feature','Issue 81: feature for alpha',NULL,'todo','bob','2026-01-16T15:30:13.341911+00:00','2026-01-16T15:30:13.341911+00:00');
INSERT INTO issues VALUES('bench-6df0','feature','Issue 82: feature for beta',NULL,'todo','carol','2026-01-16T15:30:13.364920+00:00','2026-01-16T15:30:13.364920+00:00');
INSERT INTO issues VALUES('bench-9dec','feature','Issue 83: feature for gamma',NULL,'todo','david','2026-01-16T15:30:13.387640+00:00','2026-01-16T15:30:13.387640+00:00');
INSERT INTO issues VALUES('bench-d026','bug','Issue 84: bug for alpha',NULL,'todo','eve','2026-01-16T15:30:13.411339+00:00','2026-01-16T15:30:13.411339+00:00');
INSERT INTO issues VALUES('bench-9b5f','bug','Issue 85: bug for beta',NULL,'todo',NULL,'2026-01-16T15:30:13.430771+00:00','2026-01-16T15:30:13.430771+00:00');
INSERT INTO issues VALUES('bench-aa22','bug','Issue 86: bug for gamma',NULL,'todo','bob','2026-01-16T15:30:13.452518+00:00','2026-01-16T15:30:13.452518+00:00');
INSERT INTO issues VALUES('bench-a5cc','bug','Issue 87: bug for alpha',NULL,'todo','carol','2026-01-16T15:30:13.474399+00:00','2026-01-16T15:30:13.474399+00:00');
INSERT INTO issues VALUES('bench-febe','task','Issue 88: task for beta',NULL,'todo','david','2026-01-16T15:30:13.496654+00:00','2026-01-16T15:30:13.496654+00:00');
INSERT INTO issues VALUES('bench-f239','task','Issue 89: task for gamma',NULL,'todo','eve','2026-01-16T15:30:13.518523+00:00','2026-01-16T15:30:13.518523+00:00');
INSERT INTO issues VALUES('bench-3c30','task','Issue 90: task for alpha',NULL,'todo',NULL,'2026-01-16T15:30:13.537776+00:00','2026-01-16T15:30:13.537776+00:00');
INSERT INTO issues VALUES('bench-8a5f','task','Issue 91: task for beta',NULL,'todo','bob','2026-01-16T15:30:13.560147+00:00','2026-01-16T15:30:13.560147+00:00');
INSERT INTO issues VALUES('bench-2d59','task','Issue 92: task for gamma',NULL,'todo','carol','2026-01-16T15:30:13.583119+00:00','2026-01-16T15:30:13.583119+00:00');
INSERT INTO issues VALUES('bench-65bf','task','Issue 93: task for alpha',NULL,'todo','david','2026-01-16T15:30:13.604361+00:00','2026-01-16T15:30:13.604361+00:00');
INSERT INTO issues VALUES('bench-7bc5','task','Issue 94: task for beta',NULL,'todo','eve','2026-01-16T15:30:13.627074+00:00','2026-01-16T15:30:13.627074+00:00');
INSERT INTO issues VALUES('bench-6127','task','Issue 95: task for gamma',NULL,'todo',NULL,'2026-01-16T15:30:13.646798+00:00','2026-01-16T15:30:13.646798+00:00');
INSERT INTO issues VALUES('bench-1d58','task','Issue 96: task for alpha',NULL,'todo','bob','2026-01-16T15:30:13.667966+00:00','2026-01-16T15:30:13.667966+00:00');
INSERT INTO issues VALUES('bench-5988','task','Issue 97: task for beta',NULL,'todo','carol','2026-01-16T15:30:13.690227+00:00','2026-01-16T15:30:13.690227+00:00');
INSERT INTO issues VALUES('bench-d148','task','Issue 98: task for gamma',NULL,'todo','david','2026-01-16T15:30:13.712689+00:00','2026-01-16T15:30:13.712689+00:00');
INSERT INTO issues VALUES('bench-2fea','task','Issue 99: task for alpha',NULL,'todo','eve','2026-01-16T15:30:13.734516+00:00','2026-01-16T15:30:13.734516+00:00');
CREATE TABLE deps (
    from_id TEXT NOT NULL,
    to_id TEXT NOT NULL,
    rel TEXT NOT NULL,
    created_at TEXT NOT NULL,
    PRIMARY KEY (from_id, to_id, rel),
    FOREIGN KEY (from_id) REFERENCES issues(id),
    FOREIGN KEY (to_id) REFERENCES issues(id),
    CHECK (from_id != to_id)
);
INSERT INTO deps VALUES('bench-50cc','bench-8a5f','blocks','2026-01-16T15:30:14.319651+00:00');
INSERT INTO deps VALUES('bench-aa22','bench-4276','blocks','2026-01-16T15:30:14.326106+00:00');
INSERT INTO deps VALUES('bench-65bf','bench-33a4','blocks','2026-01-16T15:30:14.332282+00:00');
INSERT INTO deps VALUES('bench-8bfa','bench-ee35','blocks','2026-01-16T15:30:14.339074+00:00');
INSERT INTO deps VALUES('bench-2fea','bench-1d58','blocks','2026-01-16T15:30:14.345550+00:00');
INSERT INTO deps VALUES('bench-a5cc','bench-8b4d','blocks','2026-01-16T15:30:14.351889+00:00');
INSERT INTO deps VALUES('bench-dc53','bench-d148','blocks','2026-01-16T15:30:14.359339+00:00');
INSERT INTO deps VALUES('bench-1fe7','bench-7bc5','blocks','2026-01-16T15:30:14.366953+00:00');
INSERT INTO deps VALUES('bench-9dec','bench-65bf','blocks','2026-01-16T15:30:14.373640+00:00');
CREATE TABLE labels (
    issue_id TEXT NOT NULL,
    label TEXT NOT NULL,
    PRIMARY KEY (issue_id, label),
    FOREIGN KEY (issue_id) REFERENCES issues(id)
);
INSERT INTO labels VALUES('bench-d5f7','project:beta');
INSERT INTO labels VALUES('bench-d5f7','priority:2');
INSERT INTO labels VALUES('bench-66ed','project:gamma');
INSERT INTO labels VALUES('bench-0deb','project:alpha');
INSERT INTO labels VALUES('bench-0deb','priority:1');
INSERT INTO labels VALUES('bench-56df','project:beta');
INSERT INTO labels VALUES('bench-4fd0','project:gamma');
INSERT INTO labels VALUES('bench-4fd0','priority:3');
INSERT INTO labels VALUES('bench-d6e3','project:alpha');
INSERT INTO labels VALUES('bench-b6de','project:beta');
INSERT INTO labels VALUES('bench-b6de','priority:2');
INSERT INTO labels VALUES('bench-1a5c','project:gamma');
INSERT INTO labels VALUES('bench-ae13','project:alpha');
INSERT INTO labels VALUES('bench-ae13','priority:1');
INSERT INTO labels VALUES('bench-41e2','project:beta');
INSERT INTO labels VALUES('bench-b206','project:gamma');
INSERT INTO labels VALUES('bench-b206','priority:3');
INSERT INTO labels VALUES('bench-8bfa','project:alpha');
INSERT INTO labels VALUES('bench-aae6','project:beta');
INSERT INTO labels VALUES('bench-aae6','priority:2');
INSERT INTO labels VALUES('bench-6c9f','project:gamma');
INSERT INTO labels VALUES('bench-e03c','project:alpha');
INSERT INTO labels VALUES('bench-e03c','priority:1');
INSERT INTO labels VALUES('bench-02cc','project:beta');
INSERT INTO labels VALUES('bench-4fa9','project:gamma');
INSERT INTO labels VALUES('bench-4fa9','priority:3');
INSERT INTO labels VALUES('bench-4b48','project:alpha');
INSERT INTO labels VALUES('bench-ae78','project:beta');
INSERT INTO labels VALUES('bench-ae78','priority:2');
INSERT INTO labels VALUES('bench-1fe7','project:alpha');
INSERT INTO labels VALUES('bench-1fe7','priority:1');
INSERT INTO labels VALUES('bench-a327','project:beta');
INSERT INTO labels VALUES('bench-9bfd','project:gamma');
INSERT INTO labels VALUES('bench-9bfd','priority:3');
INSERT INTO labels VALUES('bench-1d24','project:alpha');
INSERT INTO labels VALUES('bench-8d22','project:beta');
INSERT INTO labels VALUES('bench-8d22','priority:2');
INSERT INTO labels VALUES('bench-50cc','project:gamma');
INSERT INTO labels VALUES('bench-8b4d','project:alpha');
INSERT INTO labels VALUES('bench-8b4d','priority:1');
INSERT INTO labels VALUES('bench-4276','project:beta');
INSERT INTO labels VALUES('bench-a87c','project:gamma');
INSERT INTO labels VALUES('bench-a87c','priority:3');
INSERT INTO labels VALUES('bench-a22f','project:alpha');
INSERT INTO labels VALUES('bench-dc53','project:beta');
INSERT INTO labels VALUES('bench-dc53','priority:2');
INSERT INTO labels VALUES('bench-27d3','project:gamma');
INSERT INTO labels VALUES('bench-3666','project:alpha');
INSERT INTO labels VALUES('bench-3666','priority:1');
INSERT INTO labels VALUES('bench-bc63','project:beta');
INSERT INTO labels VALUES('bench-7915','project:gamma');
INSERT INTO labels VALUES('bench-7915','priority:3');
INSERT INTO labels VALUES('bench-f1ff','project:alpha');
INSERT INTO labels VALUES('bench-0333','project:beta');
INSERT INTO labels VALUES('bench-0333','priority:2');
INSERT INTO labels VALUES('bench-a204','project:gamma');
INSERT INTO labels VALUES('bench-76e4','project:alpha');
INSERT INTO labels VALUES('bench-76e4','priority:1');
INSERT INTO labels VALUES('bench-6326','project:gamma');
INSERT INTO labels VALUES('bench-6326','priority:3');
INSERT INTO labels VALUES('bench-8302','project:alpha');
INSERT INTO labels VALUES('bench-8f17','project:beta');
INSERT INTO labels VALUES('bench-8f17','priority:2');
INSERT INTO labels VALUES('bench-dcc8','project:gamma');
INSERT INTO labels VALUES('bench-9798','project:alpha');
INSERT INTO labels VALUES('bench-9798','priority:1');
INSERT INTO labels VALUES('bench-d9bb','project:beta');
INSERT INTO labels VALUES('bench-19df','project:gamma');
INSERT INTO labels VALUES('bench-19df','priority:3');
INSERT INTO labels VALUES('bench-bf54','project:alpha');
INSERT INTO labels VALUES('bench-0ef8','project:beta');
INSERT INTO labels VALUES('bench-0ef8','priority:2');
INSERT INTO labels VALUES('bench-5d8c','project:gamma');
INSERT INTO labels VALUES('bench-3d16','project:alpha');
INSERT INTO labels VALUES('bench-3d16','priority:1');
INSERT INTO labels VALUES('bench-7653','project:beta');
INSERT INTO labels VALUES('bench-45c9','project:gamma');
INSERT INTO labels VALUES('bench-45c9','priority:3');
INSERT INTO labels VALUES('bench-eb24','project:alpha');
INSERT INTO labels VALUES('bench-e0c6','project:beta');
INSERT INTO labels VALUES('bench-e0c6','priority:2');
INSERT INTO labels VALUES('bench-ae91','project:gamma');
INSERT INTO labels VALUES('bench-0b32','project:alpha');
INSERT INTO labels VALUES('bench-0b32','priority:1');
INSERT INTO labels VALUES('bench-993c','project:beta');
INSERT INTO labels VALUES('bench-e7a4','project:gamma');
INSERT INTO labels VALUES('bench-e7a4','priority:3');
INSERT INTO labels VALUES('bench-6426','project:beta');
INSERT INTO labels VALUES('bench-6426','priority:2');
INSERT INTO labels VALUES('bench-56c7','project:gamma');
INSERT INTO labels VALUES('bench-2784','project:alpha');
INSERT INTO labels VALUES('bench-2784','priority:1');
INSERT INTO labels VALUES('bench-ee35','project:beta');
INSERT INTO labels VALUES('bench-5981','project:gamma');
INSERT INTO labels VALUES('bench-5981','priority:3');
INSERT INTO labels VALUES('bench-7892','project:alpha');
INSERT INTO labels VALUES('bench-2c10','project:beta');
INSERT INTO labels VALUES('bench-2c10','priority:2');
INSERT INTO labels VALUES('bench-88a3','project:gamma');
INSERT INTO labels VALUES('bench-d9fa','project:alpha');
INSERT INTO labels VALUES('bench-d9fa','priority:1');
INSERT INTO labels VALUES('bench-47d3','project:beta');
INSERT INTO labels VALUES('bench-33a4','project:gamma');
INSERT INTO labels VALUES('bench-33a4','priority:3');
INSERT INTO labels VALUES('bench-de56','project:alpha');
INSERT INTO labels VALUES('bench-ab2a','project:beta');
INSERT INTO labels VALUES('bench-ab2a','priority:2');
INSERT INTO labels VALUES('bench-fc3d','project:gamma');
INSERT INTO labels VALUES('bench-b69a','project:alpha');
INSERT INTO labels VALUES('bench-b69a','priority:1');
INSERT INTO labels VALUES('bench-6e2e','project:beta');
INSERT INTO labels VALUES('bench-7947','project:gamma');
INSERT INTO labels VALUES('bench-7947','priority:3');
INSERT INTO labels VALUES('bench-9fb0','project:alpha');
INSERT INTO labels VALUES('bench-e2e2','project:beta');
INSERT INTO labels VALUES('bench-e2e2','priority:2');
INSERT INTO labels VALUES('bench-4f8e','project:alpha');
INSERT INTO labels VALUES('bench-4f8e','priority:1');
INSERT INTO labels VALUES('bench-6df0','project:beta');
INSERT INTO labels VALUES('bench-9dec','project:gamma');
INSERT INTO labels VALUES('bench-9dec','priority:3');
INSERT INTO labels VALUES('bench-d026','project:alpha');
INSERT INTO labels VALUES('bench-9b5f','project:beta');
INSERT INTO labels VALUES('bench-9b5f','priority:2');
INSERT INTO labels VALUES('bench-aa22','project:gamma');
INSERT INTO labels VALUES('bench-a5cc','project:alpha');
INSERT INTO labels VALUES('bench-a5cc','priority:1');
INSERT INTO labels VALUES('bench-febe','project:beta');
INSERT INTO labels VALUES('bench-f239','project:gamma');
INSERT INTO labels VALUES('bench-f239','priority:3');
INSERT INTO labels VALUES('bench-3c30','project:alpha');
INSERT INTO labels VALUES('bench-8a5f','project:beta');
INSERT INTO labels VALUES('bench-8a5f','priority:2');
INSERT INTO labels VALUES('bench-2d59','project:gamma');
INSERT INTO labels VALUES('bench-65bf','project:alpha');
INSERT INTO labels VALUES('bench-65bf','priority:1');
INSERT INTO labels VALUES('bench-7bc5','project:beta');
INSERT INTO labels VALUES('bench-6127','project:gamma');
INSERT INTO labels VALUES('bench-6127','priority:3');
INSERT INTO labels VALUES('bench-1d58','project:alpha');
INSERT INTO labels VALUES('bench-5988','project:beta');
INSERT INTO labels VALUES('bench-5988','priority:2');
INSERT INTO labels VALUES('bench-d148','project:gamma');
INSERT INTO labels VALUES('bench-2fea','project:alpha');
INSERT INTO labels VALUES('bench-2fea','priority:1');
CREATE TABLE notes (
    id INTEGER PRIMARY KEY AUTOINCREMENT,
    issue_id TEXT NOT NULL,
    status TEXT NOT NULL,
    content TEXT NOT NULL,
    created_at TEXT NOT NULL,
    FOREIGN KEY (issue_id) REFERENCES issues(id)
);
CREATE TABLE events (
    id INTEGER PRIMARY KEY AUTOINCREMENT,
    issue_id TEXT NOT NULL,
    action TEXT NOT NULL,
    old_value TEXT,
    new_value TEXT,
    reason TEXT,
    created_at TEXT NOT NULL,
    FOREIGN KEY (issue_id) REFERENCES issues(id)
);
INSERT INTO events VALUES(1,'bench-d5f7','created',NULL,NULL,NULL,'2026-01-16T15:30:11.572881+00:00');
INSERT INTO events VALUES(2,'bench-d5f7','labeled',NULL,'project:beta',NULL,'2026-01-16T15:30:11.573066+00:00');
INSERT INTO events VALUES(3,'bench-d5f7','labeled',NULL,'priority:2',NULL,'2026-01-16T15:30:11.573223+00:00');
INSERT INTO events VALUES(4,'bench-66ed','created',NULL,NULL,NULL,'2026-01-16T15:30:11.597147+00:00');
INSERT INTO events VALUES(5,'bench-66ed','labeled',NULL,'project:gamma',NULL,'2026-01-16T15:30:11.597302+00:00');
INSERT INTO events VALUES(6,'bench-0deb','created',NULL,NULL,NULL,'2026-01-16T15:30:11.617984+00:00');
INSERT INTO events VALUES(7,'bench-0deb','labeled',NULL,'project:alpha',NULL,'2026-01-16T15:30:11.618171+00:00');
INSERT INTO events VALUES(8,'bench-0deb','labeled',NULL,'priority:1',NULL,'2026-01-16T15:30:11.618314+00:00');
INSERT INTO events VALUES(9,'bench-56df','created',NULL,NULL,NULL,'2026-01-16T15:30:11.640728+00:00');
INSERT INTO events VALUES(10,'bench-56df','labeled',NULL,'project:beta',NULL,'2026-01-16T15:30:11.640874+00:00');
INSERT INTO events VALUES(11,'bench-4fd0','created',NULL,NULL,NULL,'2026-01-16T15:30:11.659278+00:00');
INSERT INTO events VALUES(12,'bench-4fd0','labeled',NULL,'project:gamma',NULL,'2026-01-16T15:30:11.659460+00:00');
INSERT INTO events VALUES(13,'bench-4fd0','labeled',NULL,'priority:3',NULL,'2026-01-16T15:30:11.659662+00:00');
INSERT INTO events VALUES(14,'bench-d6e3','created',NULL,NULL,NULL,'2026-01-16T15:30:11.680975+00:00');
INSERT INTO events VALUES(15,'bench-d6e3','labeled',NULL,'project:alpha',NULL,'2026-01-16T15:30:11.681135+00:00');
INSERT INTO events VALUES(16,'bench-b6de','created',NULL,NULL,NULL,'2026-01-16T15:30:11.701926+00:00');
INSERT INTO events VALUES(17,'bench-b6de','labeled',NULL,'project:beta',NULL,'2026-01-16T15:30:11.702115+00:00');
INSERT INTO events VALUES(18,'bench-b6de','labeled',NULL,'priority:2',NULL,'2026-01-16T15:30:11.702316+00:00');
INSERT INTO events VALUES(19,'bench-1a5c','created',NULL,NULL,NULL,'2026-01-16T15:30:11.723309+00:00');
INSERT INTO events VALUES(20,'bench-1a5c','labeled',NULL,'project:gamma',NULL,'2026-01-16T15:30:11.723462+00:00');
INSERT INTO events VALUES(21,'bench-ae13','created',NULL,NULL,NULL,'2026-01-16T15:30:11.746179+00:00');
INSERT INTO events VALUES(22,'bench-ae13','labeled',NULL,'project:alpha',NULL,'2026-01-16T15:30:11.746357+00:00');
INSERT INTO events VALUES(23,'bench-ae13','labeled',NULL,'priority:1',NULL,'2026-01-16T15:30:11.746480+00:00');
INSERT INTO events VALUES(24,'bench-41e2','created',NULL,NULL,NULL,'2026-01-16T15:30:11.765701+00:00');
INSERT INTO events VALUES(25,'bench-41e2','labeled',NULL,'project:beta',NULL,'2026-01-16T15:30:11.765835+00:00');
INSERT INTO events VALUES(26,'bench-b206','created',NULL,NULL,NULL,'2026-01-16T15:30:11.787878+00:00');
INSERT INTO events VALUES(27,'bench-b206','labeled',NULL,'project:gamma',NULL,'2026-01-16T15:30:11.788065+00:00');
INSERT INTO events VALUES(28,'bench-b206','labeled',NULL,'priority:3',NULL,'2026-01-16T15:30:11.788219+00:00');
INSERT INTO events VALUES(29,'bench-8bfa','created',NULL,NULL,NULL,'2026-01-16T15:30:11.809151+00:00');
INSERT INTO events VALUES(30,'bench-8bfa','labeled',NULL,'project:alpha',NULL,'2026-01-16T15:30:11.809320+00:00');
INSERT INTO events VALUES(31,'bench-aae6','created',NULL,NULL,NULL,'2026-01-16T15:30:11.829871+00:00');
INSERT INTO events VALUES(32,'bench-aae6','labeled',NULL,'project:beta',NULL,'2026-01-16T15:30:11.830004+00:00');
INSERT INTO events VALUES(33,'bench-aae6','labeled',NULL,'priority:2',NULL,'2026-01-16T15:30:11.830116+00:00');
INSERT INTO events VALUES(34,'bench-6c9f','created',NULL,NULL,NULL,'2026-01-16T15:30:11.851622+00:00');
INSERT INTO events VALUES(35,'bench-6c9f','labeled',NULL,'project:gamma',NULL,'2026-01-16T15:30:11.851767+00:00');
INSERT INTO events VALUES(36,'bench-e03c','created',NULL,NULL,NULL,'2026-01-16T15:30:11.870178+00:00');
INSERT INTO events VALUES(37,'bench-e03c','labeled',NULL,'project:alpha',NULL,'2026-01-16T15:30:11.870404+00:00');
INSERT INTO events VALUES(38,'bench-e03c','labeled',NULL,'priority:1',NULL,'2026-01-16T15:30:11.870671+00:00');
INSERT INTO events VALUES(39,'bench-02cc','created',NULL,NULL,NULL,'2026-01-16T15:30:11.893277+00:00');
INSERT INTO events VALUES(40,'bench-02cc','labeled',NULL,'project:beta',NULL,'2026-01-16T15:30:11.893470+00:00');
INSERT INTO events VALUES(41,'bench-4fa9','created',NULL,NULL,NULL,'2026-01-16T15:30:11.919057+00:00');
INSERT INTO events VALUES(42,'bench-4fa9','labeled',NULL,'project:gamma',NULL,'2026-01-16T15:30:11.919253+00:00');
INSERT INTO events VALUES(43,'bench-4fa9','labeled',NULL,'priority:3',NULL,'2026-01-16T15:30:11.919406+00:00');
INSERT INTO events VALUES(44,'bench-4b48','created',NULL,NULL,NULL,'2026-01-16T15:30:11.941126+00:00');
INSERT INTO events VALUES(45,'bench-4b48','labeled',NULL,'project:alpha',NULL,'2026-01-16T15:30:11.941326+00:00');
INSERT INTO events VALUES(46,'bench-ae78','created',NULL,NULL,NULL,'2026-01-16T15:30:11.963734+00:00');
INSERT INTO events VALUES(47,'bench-ae78','labeled',NULL,'project:beta',NULL,'2026-01-16T15:30:11.963924+00:00');
INSERT INTO events VALUES(48,'bench-ae78','labeled',NULL,'priority:2',NULL,'2026-01-16T15:30:11.964145+00:00');
INSERT INTO events VALUES(49,'bench-1fe7','created',NULL,NULL,NULL,'2026-01-16T15:30:12.005800+00:00');
INSERT INTO events VALUES(50,'bench-1fe7','labeled',NULL,'project:alpha',NULL,'2026-01-16T15:30:12.005948+00:00');
INSERT INTO events VALUES(51,'bench-1fe7','labeled',NULL,'priority:1',NULL,'2026-01-16T15:30:12.006064+00:00');
INSERT INTO events VALUES(52,'bench-a327','created',NULL,NULL,NULL,'2026-01-16T15:30:12.027787+00:00');
INSERT INTO events VALUES(53,'bench-a327','labeled',NULL,'project:beta',NULL,'2026-01-16T15:30:12.027936+00:00');
INSERT INTO events VALUES(54,'bench-9bfd','created',NULL,NULL,NULL,'2026-01-16T15:30:12.050894+00:00');
INSERT INTO events VALUES(55,'bench-9bfd','labeled',NULL,'project:gamma',NULL,'2026-01-16T15:30:12.051244+00:00');
INSERT INTO events VALUES(56,'bench-9bfd','labeled',NULL,'priority:3',NULL,'2026-01-16T15:30:12.051393+00:00');
INSERT INTO events VALUES(57,'bench-1d24','created',NULL,NULL,NULL,'2026-01-16T15:30:12.073938+00:00');
INSERT INTO events VALUES(58,'bench-1d24','labeled',NULL,'project:alpha',NULL,'2026-01-16T15:30:12.074106+00:00');
INSERT INTO events VALUES(59,'bench-8d22','created',NULL,NULL,NULL,'2026-01-16T15:30:12.092857+00:00');
INSERT INTO events VALUES(60,'bench-8d22','labeled',NULL,'project:beta',NULL,'2026-01-16T15:30:12.093113+00:00');
INSERT INTO events VALUES(61,'bench-8d22','labeled',NULL,'priority:2',NULL,'2026-01-16T15:30:12.093312+00:00');
INSERT INTO events VALUES(62,'bench-50cc','created',NULL,NULL,NULL,'2026-01-16T15:30:12.114644+00:00');
INSERT INTO events VALUES(63,'bench-50cc','labeled',NULL,'project:gamma',NULL,'2026-01-16T15:30:12.114794+00:00');
INSERT INTO events VALUES(64,'bench-8b4d','created',NULL,NULL,NULL,'2026-01-16T15:30:12.136216+00:00');
INSERT INTO events VALUES(65,'bench-8b4d','labeled',NULL,'project:alpha',NULL,'2026-01-16T15:30:12.136403+00:00');
INSERT INTO events VALUES(66,'bench-8b4d','labeled',NULL,'priority:1',NULL,'2026-01-16T15:30:12.136614+00:00');
INSERT INTO events VALUES(67,'bench-4276','created',NULL,NULL,NULL,'2026-01-16T15:30:12.158514+00:00');
INSERT INTO events VALUES(68,'bench-4276','labeled',NULL,'project:beta',NULL,'2026-01-16T15:30:12.158688+00:00');
INSERT INTO events VALUES(69,'bench-a87c','created',NULL,NULL,NULL,'2026-01-16T15:30:12.180349+00:00');
INSERT INTO events VALUES(70,'bench-a87c','labeled',NULL,'project:gamma',NULL,'2026-01-16T15:30:12.180487+00:00');
INSERT INTO events VALUES(71,'bench-a87c','labeled',NULL,'priority:3',NULL,'2026-01-16T15:30:12.180607+00:00');
INSERT INTO events VALUES(72,'bench-a22f','created',NULL,NULL,NULL,'2026-01-16T15:30:12.198866+00:00');
INSERT INTO events VALUES(73,'bench-a22f','labeled',NULL,'project:alpha',NULL,'2026-01-16T15:30:12.199059+00:00');
INSERT INTO events VALUES(74,'bench-dc53','created',NULL,NULL,NULL,'2026-01-16T15:30:12.220484+00:00');
INSERT INTO events VALUES(75,'bench-dc53','labeled',NULL,'project:beta',NULL,'2026-01-16T15:30:12.220688+00:00');
INSERT INTO events VALUES(76,'bench-dc53','labeled',NULL,'priority:2',NULL,'2026-01-16T15:30:12.220841+00:00');
INSERT INTO events VALUES(77,'bench-27d3','created',NULL,NULL,NULL,'2026-01-16T15:30:12.241386+00:00');
INSERT INTO events VALUES(78,'bench-27d3','labeled',NULL,'project:gamma',NULL,'2026-01-16T15:30:12.241581+00:00');
INSERT INTO events VALUES(79,'bench-3666','created',NULL,NULL,NULL,'2026-01-16T15:30:12.263851+00:00');
INSERT INTO events VALUES(80,'bench-3666','labeled',NULL,'project:alpha',NULL,'2026-01-16T15:30:12.264020+00:00');
INSERT INTO events VALUES(81,'bench-3666','labeled',NULL,'priority:1',NULL,'2026-01-16T15:30:12.264145+00:00');
INSERT INTO events VALUES(82,'bench-bc63','created',NULL,NULL,NULL,'2026-01-16T15:30:12.286041+00:00');
INSERT INTO events VALUES(83,'bench-bc63','labeled',NULL,'project:beta',NULL,'2026-01-16T15:30:12.286241+00:00');
INSERT INTO events VALUES(84,'bench-7915','created',NULL,NULL,NULL,'2026-01-16T15:30:12.305148+00:00');
INSERT INTO events VALUES(85,'bench-7915','labeled',NULL,'project:gamma',NULL,'2026-01-16T15:30:12.305307+00:00');
INSERT INTO events VALUES(86,'bench-7915','labeled',NULL,'priority:3',NULL,'2026-01-16T15:30:12.305443+00:00');
INSERT INTO events VALUES(87,'bench-f1ff','created',NULL,NULL,NULL,'2026-01-16T15:30:12.327248+00:00');
INSERT INTO events VALUES(88,'bench-f1ff','labeled',NULL,'project:alpha',NULL,'2026-01-16T15:30:12.327454+00:00');
INSERT INTO events VALUES(89,'bench-0333','created',NULL,NULL,NULL,'2026-01-16T15:30:12.349357+00:00');
INSERT INTO events VALUES(90,'bench-0333','labeled',NULL,'project:beta',NULL,'2026-01-16T15:30:12.349572+00:00');
INSERT INTO events VALUES(91,'bench-0333','labeled',NULL,'priority:2',NULL,'2026-01-16T15:30:12.349750+00:00');
INSERT INTO events VALUES(92,'bench-a204','created',NULL,NULL,NULL,'2026-01-16T15:30:12.372508+00:00');
INSERT INTO events VALUES(93,'bench-a204','labeled',NULL,'project:gamma',NULL,'2026-01-16T15:30:12.372758+00:00');
INSERT INTO events VALUES(94,'bench-76e4','created',NULL,NULL,NULL,'2026-01-16T15:30:12.394066+00:00');
INSERT INTO events VALUES(95,'bench-76e4','labeled',NULL,'project:alpha',NULL,'2026-01-16T15:30:12.394267+00:00');
INSERT INTO events VALUES(96,'bench-76e4','labeled',NULL,'priority:1',NULL,'2026-01-16T15:30:12.394411+00:00');
INSERT INTO events VALUES(97,'bench-6326','created',NULL,NULL,NULL,'2026-01-16T15:30:12.436247+00:00');
INSERT INTO events VALUES(98,'bench-6326','labeled',NULL,'project:gamma',NULL,'2026-01-16T15:30:12.436453+00:00');
INSERT INTO events VALUES(99,'bench-6326','labeled',NULL,'priority:3',NULL,'2026-01-16T15:30:12.436646+00:00');
INSERT INTO events VALUES(100,'bench-8302','created',NULL,NULL,NULL,'2026-01-16T15:30:12.459927+00:00');
INSERT INTO events VALUES(101,'bench-8302','labeled',NULL,'project:alpha',NULL,'2026-01-16T15:30:12.460114+00:00');
INSERT INTO events VALUES(102,'bench-8f17','created',NULL,NULL,NULL,'2026-01-16T15:30:12.484551+00:00');
INSERT INTO events VALUES(103,'bench-8f17','labeled',NULL,'project:beta',NULL,'2026-01-16T15:30:12.484751+00:00');
INSERT INTO events VALUES(104,'bench-8f17','labeled',NULL,'priority:2',NULL,'2026-01-16T15:30:12.484929+00:00');
INSERT INTO events VALUES(105,'bench-dcc8','created',NULL,NULL,NULL,'2026-01-16T15:30:12.509664+00:00');
INSERT INTO events VALUES(106,'bench-dcc8','labeled',NULL,'project:gamma',NULL,'2026-01-16T15:30:12.509870+00:00');
INSERT INTO events VALUES(107,'bench-9798','created',NULL,NULL,NULL,'2026-01-16T15:30:12.529276+00:00');
INSERT INTO events VALUES(108,'bench-9798','labeled',NULL,'project:alpha',NULL,'2026-01-16T15:30:12.529438+00:00');
INSERT INTO events VALUES(109,'bench-9798','labeled',NULL,'priority:1',NULL,'2026-01-16T15:30:12.529563+00:00');
INSERT INTO events VALUES(110,'bench-d9bb','created',NULL,NULL,NULL,'2026-01-16T15:30:12.551866+00:00');
INSERT INTO events VALUES(111,'bench-d9bb','labeled',NULL,'project:beta',NULL,'2026-01-16T15:30:12.552129+00:00');
INSERT INTO events VALUES(112,'bench-19df','created',NULL,NULL,NULL,'2026-01-16T15:30:12.573923+00:00');
INSERT INTO events VALUES(113,'bench-19df','labeled',NULL,'project:gamma',NULL,'2026-01-16T15:30:12.574136+00:00');
INSERT INTO events VALUES(114,'bench-19df','labeled',NULL,'priority:3',NULL,'2026-01-16T15:30:12.574341+00:00');
INSERT INTO events VALUES(115,'bench-bf54','created',NULL,NULL,NULL,'2026-01-16T15:30:12.596208+00:00');
INSERT INTO events VALUES(116,'bench-bf54','labeled',NULL,'project:alpha',NULL,'2026-01-16T15:30:12.596396+00:00');
INSERT INTO events VALUES(117,'bench-0ef8','created',NULL,NULL,NULL,'2026-01-16T15:30:12.618789+00:00');
INSERT INTO events VALUES(118,'bench-0ef8','labeled',NULL,'project:beta',NULL,'2026-01-16T15:30:12.618994+00:00');
INSERT INTO events VALUES(119,'bench-0ef8','labeled',NULL,'priority:2',NULL,'2026-01-16T15:30:12.619161+00:00');
INSERT INTO events VALUES(120,'bench-5d8c','created',NULL,NULL,NULL,'2026-01-16T15:30:12.637603+00:00');
INSERT INTO events VALUES(121,'bench-5d8c','labeled',NULL,'project:gamma',NULL,'2026-01-16T15:30:12.637757+00:00');
INSERT INTO events VALUES(122,'bench-3d16','created',NULL,NULL,NULL,'2026-01-16T15:30:12.660400+00:00');
INSERT INTO events VALUES(123,'bench-3d16','labeled',NULL,'project:alpha',NULL,'2026-01-16T15:30:12.660812+00:00');
INSERT INTO events VALUES(124,'bench-3d16','labeled',NULL,'priority:1',NULL,'2026-01-16T15:30:12.661009+00:00');
INSERT INTO events VALUES(125,'bench-7653','created',NULL,NULL,NULL,'2026-01-16T15:30:12.684529+00:00');
INSERT INTO events VALUES(126,'bench-7653','labeled',NULL,'project:beta',NULL,'2026-01-16T15:30:12.684711+00:00');
INSERT INTO events VALUES(127,'bench-45c9','created',NULL,NULL,NULL,'2026-01-16T15:30:12.711040+00:00');
INSERT INTO events VALUES(128,'bench-45c9','labeled',NULL,'project:gamma',NULL,'2026-01-16T15:30:12.711255+00:00');
INSERT INTO events VALUES(129,'bench-45c9','labeled',NULL,'priority:3',NULL,'2026-01-16T15:30:12.711437+00:00');
INSERT INTO events VALUES(130,'bench-eb24','created',NULL,NULL,NULL,'2026-01-16T15:30:12.739515+00:00');
INSERT INTO events VALUES(131,'bench-eb24','labeled',NULL,'project:alpha',NULL,'2026-01-16T15:30:12.739727+00:00');
INSERT INTO events VALUES(132,'bench-e0c6','created',NULL,NULL,NULL,'2026-01-16T15:30:12.760712+00:00');
INSERT INTO events VALUES(133,'bench-e0c6','labeled',NULL,'project:beta',NULL,'2026-01-16T15:30:12.760871+00:00');
INSERT INTO events VALUES(134,'bench-e0c6','labeled',NULL,'priority:2',NULL,'2026-01-16T15:30:12.761023+00:00');
INSERT INTO events VALUES(135,'bench-ae91','created',NULL,NULL,NULL,'2026-01-16T15:30:12.783511+00:00');
INSERT INTO events VALUES(136,'bench-ae91','labeled',NULL,'project:gamma',NULL,'2026-01-16T15:30:12.783718+00:00');
INSERT INTO events VALUES(137,'bench-0b32','created',NULL,NULL,NULL,'2026-01-16T15:30:12.805863+00:00');
INSERT INTO events VALUES(138,'bench-0b32','labeled',NULL,'project:alpha',NULL,'2026-01-16T15:30:12.806090+00:00');
INSERT INTO events VALUES(139,'bench-0b32','labeled',NULL,'priority:1',NULL,'2026-01-16T15:30:12.806257+00:00');
INSERT INTO events VALUES(140,'bench-993c','created',NULL,NULL,NULL,'2026-01-16T15:30:12.827862+00:00');
INSERT INTO events VALUES(141,'bench-993c','labeled',NULL,'project:beta',NULL,'2026-01-16T15:30:12.828+00:00');
INSERT INTO events VALUES(142,'bench-e7a4','created',NULL,NULL,NULL,'2026-01-16T15:30:12.850459+00:00');
INSERT INTO events VALUES(143,'bench-e7a4','labeled',NULL,'project:gamma',NULL,'2026-01-16T15:30:12.850597+00:00');
INSERT INTO events VALUES(144,'bench-e7a4','labeled',NULL,'priority:3',NULL,'2026-01-16T15:30:12.850717+00:00');
INSERT INTO events VALUES(145,'bench-6426','created',NULL,NULL,NULL,'2026-01-16T15:30:12.891952+00:00');
INSERT INTO events VALUES(146,'bench-6426','labeled',NULL,'project:beta',NULL,'2026-01-16T15:30:12.892175+00:00');
INSERT INTO events VALUES(147,'bench-6426','labeled',NULL,'priority:2',NULL,'2026-01-16T15:30:12.892353+00:00');
INSERT INTO events VALUES(148,'bench-56c7','created',NULL,NULL,NULL,'2026-01-16T15:30:12.914441+00:00');
INSERT INTO events VALUES(149,'bench-56c7','labeled',NULL,'project:gamma',NULL,'2026-01-16T15:30:12.914595+00:00');
INSERT INTO events VALUES(150,'bench-2784','created',NULL,NULL,NULL,'2026-01-16T15:30:12.937300+00:00');
INSERT INTO events VALUES(151,'bench-2784','labeled',NULL,'project:alpha',NULL,'2026-01-16T15:30:12.937441+00:00');
INSERT INTO events VALUES(152,'bench-2784','labeled',NULL,'priority:1',NULL,'2026-01-16T15:30:12.937562+00:00');
INSERT INTO events VALUES(153,'bench-ee35','created',NULL,NULL,NULL,'2026-01-16T15:30:12.959729+00:00');
INSERT INTO events VALUES(154,'bench-ee35','labeled',NULL,'project:beta',NULL,'2026-01-16T15:30:12.959878+00:00');
INSERT INTO events VALUES(155,'bench-5981','created',NULL,NULL,NULL,'2026-01-16T15:30:12.979953+00:00');
INSERT INTO events VALUES(156,'bench-5981','labeled',NULL,'project:gamma',NULL,'2026-01-16T15:30:12.980101+00:00');
INSERT INTO events VALUES(157,'bench-5981','labeled',NULL,'priority:3',NULL,'2026-01-16T15:30:12.980217+00:00');
INSERT INTO events VALUES(158,'bench-7892','created',NULL,NULL,NULL,'2026-01-16T15:30:13.003134+00:00');
INSERT INTO events VALUES(159,'bench-7892','labeled',NULL,'project:alpha',NULL,'2026-01-16T15:30:13.003306+00:00');
INSERT INTO events VALUES(160,'bench-2c10','created',NULL,NULL,NULL,'2026-01-16T15:30:13.025169+00:00');
INSERT INTO events VALUES(161,'bench-2c10','labeled',NULL,'project:beta',NULL,'2026-01-16T15:30:13.025342+00:00');
INSERT INTO events VALUES(162,'bench-2c10','labeled',NULL,'priority:2',NULL,'2026-01-16T15:30:13.025463+00:00');
INSERT INTO events VALUES(163,'bench-88a3','created',NULL,NULL,NULL,'2026-01-16T15:30:13.048535+00:00');
INSERT INTO events VALUES(164,'bench-88a3','labeled',NULL,'project:gamma',NULL,'2026-01-16T15:30:13.048694+00:00');
INSERT INTO events VALUES(165,'bench-d9fa','created',NULL,NULL,NULL,'2026-01-16T15:30:13.071370+00:00');
INSERT INTO events VALUES(166,'bench-d9fa','labeled',NULL,'project:alpha',NULL,'2026-01-16T15:30:13.071550+00:00');
INSERT INTO events VALUES(167,'bench-d9fa','labeled',NULL,'priority:1',NULL,'2026-01-16T15:30:13.071678+00:00');
INSERT INTO events VALUES(168,'bench-47d3','created',NULL,NULL,NULL,'2026-01-16T15:30:13.090699+00:00');
INSERT INTO events VALUES(169,'bench-47d3','labeled',NULL,'project:beta',NULL,'2026-01-16T15:30:13.090902+00:00');
INSERT INTO events VALUES(170,'bench-33a4','created',NULL,NULL,NULL,'2026-01-16T15:30:13.112948+00:00');
INSERT INTO events VALUES(171,'bench-33a4','labeled',NULL,'project:gamma',NULL,'2026-01-16T15:30:13.113152+00:00');
INSERT INTO events VALUES(172,'bench-33a4','labeled',NULL,'priority:3',NULL,'2026-01-16T15:30:13.113335+00:00');
INSERT INTO events VALUES(173,'bench-de56','created',NULL,NULL,NULL,'2026-01-16T15:30:13.134491+00:00');
INSERT INTO events VALUES(174,'bench-de56','labeled',NULL,'project:alpha',NULL,'2026-01-16T15:30:13.134714+00:00');
INSERT INTO events VALUES(175,'bench-ab2a','created',NULL,NULL,NULL,'2026-01-16T15:30:13.156491+00:00');
INSERT INTO events VALUES(176,'bench-ab2a','labeled',NULL,'project:beta',NULL,'2026-01-16T15:30:13.156685+00:00');
INSERT INTO events VALUES(177,'bench-ab2a','labeled',NULL,'priority:2',NULL,'2026-01-16T15:30:13.156824+00:00');
INSERT INTO events VALUES(178,'bench-fc3d','created',NULL,NULL,NULL,'2026-01-16T15:30:13.178927+00:00');
INSERT INTO events VALUES(179,'bench-fc3d','labeled',NULL,'project:gamma',NULL,'2026-01-16T15:30:13.179149+00:00');
INSERT INTO events VALUES(180,'bench-b69a','created',NULL,NULL,NULL,'2026-01-16T15:30:13.199262+00:00');
INSERT INTO events VALUES(181,'bench-b69a','labeled',NULL,'project:alpha',NULL,'2026-01-16T15:30:13.199452+00:00');
INSERT INTO events VALUES(182,'bench-b69a','labeled',NULL,'priority:1',NULL,'2026-01-16T15:30:13.199575+00:00');
INSERT INTO events VALUES(183,'bench-6e2e','created',NULL,NULL,NULL,'2026-01-16T15:30:13.223418+00:00');
INSERT INTO events VALUES(184,'bench-6e2e','labeled',NULL,'project:beta',NULL,'2026-01-16T15:30:13.223592+00:00');
INSERT INTO events VALUES(185,'bench-7947','created',NULL,NULL,NULL,'2026-01-16T15:30:13.249353+00:00');
INSERT INTO events VALUES(186,'bench-7947','labeled',NULL,'project:gamma',NULL,'2026-01-16T15:30:13.249514+00:00');
INSERT INTO events VALUES(187,'bench-7947','labeled',NULL,'priority:3',NULL,'2026-01-16T15:30:13.249645+00:00');
INSERT INTO events VALUES(188,'bench-9fb0','created',NULL,NULL,NULL,'2026-01-16T15:30:13.275103+00:00');
INSERT INTO events VALUES(189,'bench-9fb0','labeled',NULL,'project:alpha',NULL,'2026-01-16T15:30:13.275260+00:00');
INSERT INTO events VALUES(190,'bench-e2e2','created',NULL,NULL,NULL,'2026-01-16T15:30:13.299604+00:00');
INSERT INTO events VALUES(191,'bench-e2e2','labeled',NULL,'project:beta',NULL,'2026-01-16T15:30:13.299862+00:00');
INSERT INTO events VALUES(192,'bench-e2e2','labeled',NULL,'priority:2',NULL,'2026-01-16T15:30:13.300047+00:00');
INSERT INTO events VALUES(193,'bench-4f8e','created',NULL,NULL,NULL,'2026-01-16T15:30:13.342193+00:00');
INSERT INTO events VALUES(194,'bench-4f8e','labeled',NULL,'project:alpha',NULL,'2026-01-16T15:30:13.342401+00:00');
INSERT INTO events VALUES(195,'bench-4f8e','labeled',NULL,'priority:1',NULL,'2026-01-16T15:30:13.342527+00:00');
INSERT INTO events VALUES(196,'bench-6df0','created',NULL,NULL,NULL,'2026-01-16T15:30:13.365190+00:00');
INSERT INTO events VALUES(197,'bench-6df0','labeled',NULL,'project:beta',NULL,'2026-01-16T15:30:13.365379+00:00');
INSERT INTO events VALUES(198,'bench-9dec','created',NULL,NULL,NULL,'2026-01-16T15:30:13.387861+00:00');
INSERT INTO events VALUES(199,'bench-9dec','labeled',NULL,'project:gamma',NULL,'2026-01-16T15:30:13.388015+00:00');
INSERT INTO events VALUES(200,'bench-9dec','labeled',NULL,'priority:3',NULL,'2026-01-16T15:30:13.388172+00:00');
INSERT INTO events VALUES(201,'bench-d026','created',NULL,NULL,NULL,'2026-01-16T15:30:13.411595+00:00');
INSERT INTO events VALUES(202,'bench-d026','labeled',NULL,'project:alpha',NULL,'2026-01-16T15:30:13.411765+00:00');
INSERT INTO events VALUES(203,'bench-9b5f','created',NULL,NULL,NULL,'2026-01-16T15:30:13.431042+00:00');
INSERT INTO events VALUES(204,'bench-9b5f','labeled',NULL,'project:beta',NULL,'2026-01-16T15:30:13.431210+00:00');
INSERT INTO events VALUES(205,'bench-9b5f','labeled',NULL,'priority:2',NULL,'2026-01-16T15:30:13.431334+00:00');
INSERT INTO events VALUES(206,'bench-aa22','created',NULL,NULL,NULL,'2026-01-16T15:30:13.452764+00:00');
INSERT INTO events VALUES(207,'bench-aa22','labeled',NULL,'project:gamma',NULL,'2026-01-16T15:30:13.452915+00:00');
INSERT INTO events VALUES(208,'bench-a5cc','created',NULL,NULL,NULL,'2026-01-16T15:30:13.474647+00:00');
INSERT INTO events VALUES(209,'bench-a5cc','labeled',NULL,'project:alpha',NULL,'2026-01-16T15:30:13.474815+00:00');
INSERT INTO events VALUES(210,'bench-a5cc','labeled',NULL,'priority:1',NULL,'2026-01-16T15:30:13.474938+00:00');
INSERT INTO events VALUES(211,'bench-febe','created',NULL,NULL,NULL,'2026-01-16T15:30:13.496884+00:00');
INSERT INTO events VALUES(212,'bench-febe','labeled',NULL,'project:beta',NULL,'2026-01-16T15:30:13.497025+00:00');
INSERT INTO events VALUES(213,'bench-f239','created',NULL,NULL,NULL,'2026-01-16T15:30:13.518776+00:00');
INSERT INTO events VALUES(214,'bench-f239','labeled',NULL,'project:gamma',NULL,'2026-01-16T15:30:13.518981+00:00');
INSERT INTO events VALUES(215,'bench-f239','labeled',NULL,'priority:3',NULL,'2026-01-16T15:30:13.519137+00:00');
INSERT INTO events VALUES(216,'bench-3c30','created',NULL,NULL,NULL,'2026-01-16T15:30:13.538042+00:00');
INSERT INTO events VALUES(217,'bench-3c30','labeled',NULL,'project:alpha',NULL,'2026-01-16T15:30:13.538195+00:00');
INSERT INTO events VALUES(218,'bench-8a5f','created',NULL,NULL,NULL,'2026-01-16T15:30:13.560412+00:00');
INSERT INTO events VALUES(219,'bench-8a5f','labeled',NULL,'project:beta',NULL,'2026-01-16T15:30:13.560622+00:00');
INSERT INTO events VALUES(220,'bench-8a5f','labeled',NULL,'priority:2',NULL,'2026-01-16T15:30:13.560813+00:00');
INSERT INTO events VALUES(221,'bench-2d59','created',NULL,NULL,NULL,'2026-01-16T15:30:13.583404+00:00');
INSERT INTO events VALUES(222,'bench-2d59','labeled',NULL,'project:gamma',NULL,'2026-01-16T15:30:13.583614+00:00');
INSERT INTO events VALUES(223,'bench-65bf','created',NULL,NULL,NULL,'2026-01-16T15:30:13.604678+00:00');
INSERT INTO events VALUES(224,'bench-65bf','labeled',NULL,'project:alpha',NULL,'2026-01-16T15:30:13.604894+00:00');
INSERT INTO events VALUES(225,'bench-65bf','labeled',NULL,'priority:1',NULL,'2026-01-16T15:30:13.605104+00:00');
INSERT INTO events VALUES(226,'bench-7bc5','created',NULL,NULL,NULL,'2026-01-16T15:30:13.627351+00:00');
INSERT INTO events VALUES(227,'bench-7bc5','labeled',NULL,'project:beta',NULL,'2026-01-16T15:30:13.627547+00:00');
INSERT INTO events VALUES(228,'bench-6127','created',NULL,NULL,NULL,'2026-01-16T15:30:13.647027+00:00');
INSERT INTO events VALUES(229,'bench-6127','labeled',NULL,'project:gamma',NULL,'2026-01-16T15:30:13.647231+00:00');
INSERT INTO events VALUES(230,'bench-6127','labeled',NULL,'priority:3',NULL,'2026-01-16T15:30:13.647349+00:00');
INSERT INTO events VALUES(231,'bench-1d58','created',NULL,NULL,NULL,'2026-01-16T15:30:13.668258+00:00');
INSERT INTO events VALUES(232,'bench-1d58','labeled',NULL,'project:alpha',NULL,'2026-01-16T15:30:13.668444+00:00');
INSERT INTO events VALUES(233,'bench-5988','created',NULL,NULL,NULL,'2026-01-16T15:30:13.690551+00:00');
INSERT INTO events VALUES(234,'bench-5988','labeled',NULL,'project:beta',NULL,'2026-01-16T15:30:13.690718+00:00');
INSERT INTO events VALUES(235,'bench-5988','labeled',NULL,'priority:2',NULL,'2026-01-16T15:30:13.690865+00:00');
INSERT INTO events VALUES(236,'bench-d148','created',NULL,NULL,NULL,'2026-01-16T15:30:13.712898+00:00');
INSERT INTO events VALUES(237,'bench-d148','labeled',NULL,'project:gamma',NULL,'2026-01-16T15:30:13.713047+00:00');
INSERT INTO events VALUES(238,'bench-2fea','created',NULL,NULL,NULL,'2026-01-16T15:30:13.734802+00:00');
INSERT INTO events VALUES(239,'bench-2fea','labeled',NULL,'project:alpha',NULL,'2026-01-16T15:30:13.734985+00:00');
INSERT INTO events VALUES(240,'bench-2fea','labeled',NULL,'priority:1',NULL,'2026-01-16T15:30:13.735154+00:00');
INSERT INTO events VALUES(241,'bench-d5f7','started','todo','in_progress',NULL,'2026-01-16T15:30:13.767578+00:00');
INSERT INTO events VALUES(242,'bench-66ed','started','todo','in_progress',NULL,'2026-01-16T15:30:13.774141+00:00');
INSERT INTO events VALUES(243,'bench-0deb','started','todo','in_progress',NULL,'2026-01-16T15:30:13.780843+00:00');
INSERT INTO events VALUES(244,'bench-56df','started','todo','in_progress',NULL,'2026-01-16T15:30:13.787203+00:00');
INSERT INTO events VALUES(245,'bench-4fd0','started','todo','in_progress',NULL,'2026-01-16T15:30:13.793871+00:00');
INSERT INTO events VALUES(246,'bench-d6e3','started','todo','in_progress',NULL,'2026-01-16T15:30:13.800339+00:00');
INSERT INTO events VALUES(247,'bench-b6de','started','todo','in_progress',NULL,'2026-01-16T15:30:13.806223+00:00');
INSERT INTO events VALUES(248,'bench-1a5c','started','todo','in_progress',NULL,'2026-01-16T15:30:13.813208+00:00');
INSERT INTO events VALUES(249,'bench-ae13','started','todo','in_progress',NULL,'2026-01-16T15:30:13.819799+00:00');
INSERT INTO events VALUES(250,'bench-41e2','started','todo','in_progress',NULL,'2026-01-16T15:30:13.826506+00:00');
INSERT INTO events VALUES(251,'bench-b206','started','todo','in_progress',NULL,'2026-01-16T15:30:13.832905+00:00');
INSERT INTO events VALUES(252,'bench-8bfa','started','todo','in_progress',NULL,'2026-01-16T15:30:13.839215+00:00');
INSERT INTO events VALUES(253,'bench-aae6','started','todo','in_progress',NULL,'2026-01-16T15:30:13.845517+00:00');
INSERT INTO events VALUES(254,'bench-6c9f','started','todo','in_progress',NULL,'2026-01-16T15:30:13.852174+00:00');
INSERT INTO events VALUES(255,'bench-e03c','started','todo','in_progress',NULL,'2026-01-16T15:30:13.858394+00:00');
INSERT INTO events VALUES(256,'bench-02cc','started','todo','in_progress',NULL,'2026-01-16T15:30:13.865273+00:00');
INSERT INTO events VALUES(257,'bench-4fa9','started','todo','in_progress',NULL,'2026-01-16T15:30:13.871954+00:00');
INSERT INTO events VALUES(258,'bench-4b48','started','todo','in_progress',NULL,'2026-01-16T15:30:13.878291+00:00');
INSERT INTO events VALUES(259,'bench-ae78','started','todo','in_progress',NULL,'2026-01-16T15:30:13.884387+00:00');
INSERT INTO events VALUES(260,'bench-1fe7','started','todo','in_progress',NULL,'2026-01-16T15:30:13.891073+00:00');
INSERT INTO events VALUES(261,'bench-a327','started','todo','in_progress',NULL,'2026-01-16T15:30:13.898008+00:00');
INSERT INTO events VALUES(262,'bench-9bfd','started','todo','in_progress',NULL,'2026-01-16T15:30:13.904446+00:00');
INSERT INTO events VALUES(263,'bench-1d24','started','todo','in_progress',NULL,'2026-01-16T15:30:13.911043+00:00');
INSERT INTO events VALUES(264,'bench-8d22','started','todo','in_progress',NULL,'2026-01-16T15:30:13.918045+00:00');
INSERT INTO events VALUES(265,'bench-50cc','started','todo','in_progress',NULL,'2026-01-16T15:30:13.924637+00:00');
INSERT INTO events VALUES(266,'bench-8b4d','started','todo','in_progress',NULL,'2026-01-16T15:30:13.931180+00:00');
INSERT INTO events VALUES(267,'bench-4276','started','todo','in_progress',NULL,'2026-01-16T15:30:13.937334+00:00');
INSERT INTO events VALUES(268,'bench-a87c','started','todo','in_progress',NULL,'2026-01-16T15:30:13.943845+00:00');
INSERT INTO events VALUES(269,'bench-a22f','started','todo','in_progress',NULL,'2026-01-16T15:30:13.950626+00:00');
INSERT INTO events VALUES(270,'bench-a22f','done','in_progress','done',NULL,'2026-01-16T15:30:13.957738+00:00');
INSERT INTO events VALUES(271,'bench-dc53','started','todo','in_progress',NULL,'2026-01-16T15:30:13.965065+00:00');
INSERT INTO events VALUES(272,'bench-dc53','done','in_progress','done',NULL,'2026-01-16T15:30:13.971549+00:00');
INSERT INTO events VALUES(273,'bench-27d3','started','todo','in_progress',NULL,'2026-01-16T15:30:13.978450+00:00');
INSERT INTO events VALUES(274,'bench-27d3','done','in_progress','done',NULL,'2026-01-16T15:30:13.985569+00:00');
INSERT INTO events VALUES(275,'bench-3666','started','todo','in_progress',NULL,'2026-01-16T15:30:13.992552+00:00');
INSERT INTO events VALUES(276,'bench-3666','done','in_progress','done',NULL,'2026-01-16T15:30:13.999371+00:00');
INSERT INTO events VALUES(277,'bench-bc63','started','todo','in_progress',NULL,'2026-01-16T15:30:14.005782+00:00');
INSERT INTO events VALUES(278,'bench-bc63','done','in_progress','done',NULL,'2026-01-16T15:30:14.013124+00:00');
INSERT INTO events VALUES(279,'bench-7915','started','todo','in_progress',NULL,'2026-01-16T15:30:14.019937+00:00');
INSERT INTO events VALUES(280,'bench-7915','done','in_progress','done',NULL,'2026-01-16T15:30:14.026462+00:00');
INSERT INTO events VALUES(281,'bench-f1ff','started','todo','in_progress',NULL,'2026-01-16T15:30:14.033879+00:00');
INSERT INTO events VALUES(282,'bench-f1ff','done','in_progress','done',NULL,'2026-01-16T15:30:14.040912+00:00');
INSERT INTO events VALUES(283,'bench-0333','started','todo','in_progress',NULL,'2026-01-16T15:30:14.047691+00:00');
INSERT INTO events VALUES(284,'bench-0333','done','in_progress','done',NULL,'2026-01-16T15:30:14.053899+00:00');
INSERT INTO events VALUES(285,'bench-a204','started','todo','in_progress',NULL,'2026-01-16T15:30:14.059865+00:00');
INSERT INTO events VALUES(286,'bench-a204','done','in_progress','done',NULL,'2026-01-16T15:30:14.066243+00:00');
INSERT INTO events VALUES(287,'bench-76e4','started','todo','in_progress',NULL,'2026-01-16T15:30:14.073014+00:00');
INSERT INTO events VALUES(288,'bench-76e4','done','in_progress','done',NULL,'2026-01-16T15:30:14.079033+00:00');
INSERT INTO events VALUES(289,'bench-6326','started','todo','in_progress',NULL,'2026-01-16T15:30:14.085378+00:00');
INSERT INTO events VALUES(290,'bench-6326','done','in_progress','done',NULL,'2026-01-16T15:30:14.091527+00:00');
INSERT INTO events VALUES(291,'bench-8302','started','todo','in_progress',NULL,'2026-01-16T15:30:14.097848+00:00');
INSERT INTO events VALUES(292,'bench-8302','done','in_progress','done',NULL,'2026-01-16T15:30:14.103822+00:00');
INSERT INTO events VALUES(293,'bench-8f17','started','todo','in_progress',NULL,'2026-01-16T15:30:14.109707+00:00');
INSERT INTO events VALUES(294,'bench-8f17','done','in_progress','done',NULL,'2026-01-16T15:30:14.115782+00:00');
INSERT INTO events VALUES(295,'bench-dcc8','started','todo','in_progress',NULL,'2026-01-16T15:30:14.122214+00:00');
INSERT INTO events VALUES(296,'bench-dcc8','done','in_progress','done',NULL,'2026-01-16T15:30:14.127866+00:00');
INSERT INTO events VALUES(297,'bench-9798','started','todo','in_progress',NULL,'2026-01-16T15:30:14.133715+00:00');
INSERT INTO events VALUES(298,'bench-9798','done','in_progress','done',NULL,'2026-01-16T15:30:14.140266+00:00');
INSERT INTO events VALUES(299,'bench-d9bb','started','todo','in_progress',NULL,'2026-01-16T15:30:14.146273+00:00');
INSERT INTO events VALUES(300,'bench-d9bb','done','in_progress','done',NULL,'2026-01-16T15:30:14.151703+00:00');
INSERT INTO events VALUES(301,'bench-19df','started','todo','in_progress',NULL,'2026-01-16T15:30:14.158080+00:00');
INSERT INTO events VALUES(302,'bench-19df','done','in_progress','done',NULL,'2026-01-16T15:30:14.164+00:00');
INSERT INTO events VALUES(303,'bench-bf54','started','todo','in_progress',NULL,'2026-01-16T15:30:14.169997+00:00');
INSERT INTO events VALUES(304,'bench-bf54','done','in_progress','done',NULL,'2026-01-16T15:30:14.176206+00:00');
INSERT INTO events VALUES(305,'bench-0ef8','started','todo','in_progress',NULL,'2026-01-16T15:30:14.182515+00:00');
INSERT INTO events VALUES(306,'bench-0ef8','done','in_progress','done',NULL,'2026-01-16T15:30:14.188395+00:00');
INSERT INTO events VALUES(307,'bench-5d8c','started','todo','in_progress',NULL,'2026-01-16T15:30:14.194702+00:00');
INSERT INTO events VALUES(308,'bench-5d8c','done','in_progress','done',NULL,'2026-01-16T15:30:14.201657+00:00');
INSERT INTO events VALUES(309,'bench-3d16','started','todo','in_progress',NULL,'2026-01-16T15:30:14.209267+00:00');
INSERT INTO events VALUES(310,'bench-3d16','done','in_progress','done',NULL,'2026-01-16T15:30:14.216355+00:00');
INSERT INTO events VALUES(311,'bench-7653','started','todo','in_progress',NULL,'2026-01-16T15:30:14.222911+00:00');
INSERT INTO events VALUES(312,'bench-7653','done','in_progress','done',NULL,'2026-01-16T15:30:14.229580+00:00');
INSERT INTO events VALUES(313,'bench-45c9','started','todo','in_progress',NULL,'2026-01-16T15:30:14.235446+00:00');
INSERT INTO events VALUES(314,'bench-45c9','done','in_progress','done',NULL,'2026-01-16T15:30:14.242052+00:00');
INSERT INTO events VALUES(315,'bench-eb24','started','todo','in_progress',NULL,'2026-01-16T15:30:14.248353+00:00');
INSERT INTO events VALUES(316,'bench-eb24','done','in_progress','done',NULL,'2026-01-16T15:30:14.254882+00:00');
INSERT INTO events VALUES(317,'bench-e0c6','started','todo','in_progress',NULL,'2026-01-16T15:30:14.261420+00:00');
INSERT INTO events VALUES(318,'bench-e0c6','done','in_progress','done',NULL,'2026-01-16T15:30:14.267369+00:00');
INSERT INTO events VALUES(319,'bench-ae91','started','todo','in_progress',NULL,'2026-01-16T15:30:14.274676+00:00');
INSERT INTO events VALUES(320,'bench-ae91','done','in_progress','done',NULL,'2026-01-16T15:30:14.281528+00:00');
INSERT INTO events VALUES(321,'bench-0b32','started','todo','in_progress',NULL,'2026-01-16T15:30:14.288322+00:00');
INSERT INTO events VALUES(322,'bench-0b32','done','in_progress','done',NULL,'2026-01-16T15:30:14.294864+00:00');
INSERT INTO events VALUES(323,'bench-993c','started','todo','in_progress',NULL,'2026-01-16T15:30:14.300677+00:00');
INSERT INTO events VALUES(324,'bench-993c','done','in_progress','done',NULL,'2026-01-16T15:30:14.306627+00:00');
INSERT INTO events VALUES(325,'bench-50cc','related',NULL,'blocks bench-8a5f',NULL,'2026-01-16T15:30:14.319860+00:00');
INSERT INTO events VALUES(326,'bench-aa22','related',NULL,'blocks bench-4276',NULL,'2026-01-16T15:30:14.326323+00:00');
INSERT INTO events VALUES(327,'bench-65bf','related',NULL,'blocks bench-33a4',NULL,'2026-01-16T15:30:14.332509+00:00');
INSERT INTO events VALUES(328,'bench-8bfa','related',NULL,'blocks bench-ee35',NULL,'2026-01-16T15:30:14.339286+00:00');
INSERT INTO events VALUES(329,'bench-2fea','related',NULL,'blocks bench-1d58',NULL,'2026-01-16T15:30:14.345788+00:00');
INSERT INTO events VALUES(330,'bench-a5cc','related',NULL,'blocks bench-8b4d',NULL,'2026-01-16T15:30:14.352112+00:00');
INSERT INTO events VALUES(331,'bench-dc53','related',NULL,'blocks bench-d148',NULL,'2026-01-16T15:30:14.359573+00:00');
INSERT INTO events VALUES(332,'bench-1fe7','related',NULL,'blocks bench-7bc5',NULL,'2026-01-16T15:30:14.367142+00:00');
INSERT INTO events VALUES(333,'bench-9dec','related',NULL,'blocks bench-65bf',NULL,'2026-01-16T15:30:14.373859+00:00');
CREATE TABLE links (
    id INTEGER PRIMARY KEY AUTOINCREMENT,
    issue_id TEXT NOT NULL,
    link_type TEXT,              -- github|jira|gitlab|confluence|NULL
    url TEXT,                    -- full URL (may be NULL for shorthand)
    external_id TEXT,            -- external issue ID (e.g., "PE-5555")
    rel TEXT,                    -- import|blocks|tracks|tracked-by|NULL
    created_at TEXT NOT NULL,
    FOREIGN KEY (issue_id) REFERENCES issues(id)
);
INSERT INTO sqlite_sequence VALUES('events',333);
CREATE INDEX idx_issues_status ON issues(status);
CREATE INDEX idx_issues_type ON issues(type);
CREATE INDEX idx_deps_to ON deps(to_id);
CREATE INDEX idx_deps_rel ON deps(rel);
CREATE INDEX idx_labels_label ON labels(label);
CREATE INDEX idx_events_issue ON events(issue_id);
CREATE INDEX idx_links_issue ON links(issue_id);
COMMIT;
